{"grad_norm_layer1":2.4359500224760544e-19,"train_accuracy":0.09751666666666667,"_step":10,"_wandb":{"runtime":90},"_runtime":90,"train_loss":16149.576306526744,"confusion_matrix_table":{"size":3007,"_type":"table-file","ncols":3,"log_mode":"IMMUTABLE","_latest_artifact_path":"wandb-client-artifact://lb6ev37vuctd13822d1l09lvy68b7fkc52a4jx9ocigejz1fi5nel9ops017xdcjovu5hgta2w19je0jhu17jht213matsjzrlxhs9a67bs7o9lf82m5vw2hwnnbnfz9:latest/confusion_matrix_table.table.json","path":"media/table/confusion_matrix_table_10_46ec51634e4316264b6e.table.json","nrows":100,"sha256":"46ec51634e4316264b6e1bf5c9df64221edab95224cd2404ade3f83a71dd40dc","artifact_path":"wandb-client-artifact://yp0lkb7gj7eatc11adm9ih6icrlzu2p8xjsjvr7wdc7yme0p5yfdn0v1irlrsmc607n4msjstf8rgd82yvopjbiwwoa5dxduo8wger4nvoesd9hmh0vbe7x6g4jn4c8t/confusion_matrix_table.table.json"},"test_accuracy":0.0974,"_timestamp":1.7729768357869308e+09,"epoch":10}