{"epoch":10,"train_loss":59.62699976569028,"_runtime":129,"_step":10,"dead_neuron_fraction":0.75825234375,"test_accuracy":0.979,"grad_norm_layer1":0.006126554189643349,"train_accuracy":0.9951166666666666,"_timestamp":1.7729045569099722e+09,"confusion_matrix_table":{"sha256":"bd3ab688172710781b5f091cd46137d2f612ec7fa67af0ff90146b0dec63d21c","size":3006,"ncols":3,"_latest_artifact_path":"wandb-client-artifact://edw25n4mt99antbrgwx61rnxcjgmvd1vwxogmayqihcl8hmqy89c4n97o5g448ph9mrp4s0h9qh5g8sw6n1y3zxae81nx4bg6i4m1zc4v8t2pzps625a3j59xf7nd92t:latest/confusion_matrix_table.table.json","log_mode":"IMMUTABLE","artifact_path":"wandb-client-artifact://smg9fz3eyqh54sb2ojwdh7vjuexxdc3nwx8elxx2u6poome6i5t8o9sctxwe1y36e1qha8wc04raix7qf90mpghoi2epkix8tvs8moi1j1djhf1cj6gly0onwegeow0n/confusion_matrix_table.table.json","_type":"table-file","nrows":100,"path":"media/table/confusion_matrix_table_10_bd3ab688172710781b5f.table.json"},"_wandb":{"runtime":129}}