{"_runtime":71668,"epoch":10,"_step":10,"dead_neuron_fraction":0.75716640625,"train_accuracy":0.9940166666666667,"confusion_matrix_table":{"log_mode":"IMMUTABLE","artifact_path":"wandb-client-artifact://ysbjfel0mda1np6nhzgw34c8ol7tz1b6ej5jwlzyrjv6okg5ohvxn9rej1s3xdp8yayjomz687hj4d4syyk9cvwi3qrugdvxpt6n43winsqs80911k4h7kq84jtfgfyr/confusion_matrix_table.table.json","_latest_artifact_path":"wandb-client-artifact://z92w441hqqbd8dmf50hczrtx3ablbfje2msqdlyuz7572y9faax9i3v07r6uptpbuqjm06bi2gicxqgc49m2g3kv09xxpcd4vyik9p0mlq2mmn2c096g547qvmlgpwg4:latest/confusion_matrix_table.table.json","sha256":"9c8bbc09dfa047c336148cf3aed31e4658da051173dd5f097e872de7c29a09d0","size":3009,"path":"media/table/confusion_matrix_table_10_9c8bbc09dfa047c33614.table.json","nrows":100,"_type":"table-file","ncols":3},"test_accuracy":0.9767,"grad_norm_layer1":0.1468983090494035,"_wandb":{"runtime":71668},"train_loss":55.63981904735033,"_timestamp":1.7729765744946253e+09}